Time (msec),Engine Load* (g/rev),Engine Speed (rpm),Feedback Knock Correction* (degrees),Fine Learning Knock Correction* (degrees),Fueling Final Base* (estimated AFR),Ignition Total Timing (degrees),Intake Air Temperature (F),Intake VVT Advance Angle Left (degrees),Manifold Relative Pressure (psi),Mass Airflow Sensor Voltage (V),Primary Wastegate Duty Cycle (%),Throttle Opening Angle (%),AEM UEGO Wideband [9600 baud] (AFR Gasoline)
0,0.70,2583,0.00,0.00,14.29,34.00,84,20,-3.34,2.30,1.18,14.12,15.20
48,0.70,2660,0.00,0.00,14.30,34.00,84,20,-3.48,2.30,1.18,14.12,15.20
101,0.69,2676,0.00,0.00,14.33,34.00,84,20,-3.48,2.32,1.18,14.12,15.20
153,0.70,2676,0.00,0.00,14.32,34.00,84,20,-3.48,2.30,1.18,14.12,15.10
206,0.70,2691,0.00,0.00,14.32,34.00,84,20,-3.48,2.30,1.18,14.12,15.10
259,0.70,2712,0.00,0.00,14.32,34.00,84,20,-3.63,2.32,1.18,14.12,15.10
311,0.69,2786,0.00,0.00,14.32,34.00,84,19,-3.63,2.32,1.18,14.12,14.50
364,0.69,2845,0.00,0.00,14.32,34.00,84,19,-3.63,2.34,1.18,14.12,14.50
417,0.69,2845,0.00,0.00,14.30,34.00,84,19,-3.63,2.34,1.18,14.12,14.50
469,0.69,2889,0.00,0.00,14.30,34.00,84,19,-3.77,2.34,1.18,14.12,14.20
522,0.69,2899,0.00,0.00,14.32,34.00,84,20,-3.63,2.34,1.18,14.12,14.20
574,0.69,2942,0.00,0.00,14.31,34.00,84,19,-3.63,2.34,1.18,14.12,14.20
627,0.68,3000,0.00,0.00,14.32,34.00,84,20,-3.77,2.36,1.18,14.12,13.90
679,0.67,3000,0.00,0.00,14.32,34.50,84,20,-3.92,2.28,1.18,10.59,13.90
732,0.59,3050,0.00,0.00,15.74,34.50,84,20,-3.92,2.28,0.00,0.00,13.90
785,0.41,3040,0.00,0.00,17.39,36.00,84,19,-6.09,1.86,0.00,0.00,13.80
837,0.34,2980,0.00,0.00,16.10,39.00,84,18,-7.25,1.74,0.00,0.00,13.80
890,0.30,2993,0.00,0.00,15.29,37.50,84,14,-7.98,1.68,0.00,0.00,13.80
942,0.28,2993,0.00,0.00,14.70,31.00,84,8,-8.42,1.76,0.00,0.00,12.80
994,0.27,2976,0.00,0.00,14.70,31.00,84,8,-8.42,1.76,0.00,0.00,12.80
1047,0.26,2934,0.00,0.00,14.70,28.50,84,5,-8.71,1.80,0.00,0.00,12.80
1099,0.25,2820,0.00,0.00,14.70,25.50,82,2,-8.85,1.86,0.00,0.00,11.00
1152,0.25,2733,0.00,0.00,14.70,22.50,82,1,-9.00,1.76,0.00,0.00,11.00
1204,0.24,2733,0.00,0.00,14.70,19.50,82,1,-9.29,1.64,0.00,0.00,11.00
1257,0.24,2672,0.00,0.00,14.70,19.50,82,1,-9.29,1.64,0.00,0.00,11.90
1310,0.24,2576,0.00,0.00,15.41,16.50,82,0,-9.43,1.48,0.00,0.00,11.90
1362,0.24,2482,0.00,0.00,15.45,28.00,82,1,-9.43,1.60,0.00,0.00,11.90
1415,0.25,2384,0.00,0.00,15.25,28.00,82,1,-9.43,1.80,0.00,0.78,17.40
1468,0.25,2384,0.00,0.00,15.29,29.50,82,1,-9.29,1.90,0.00,7.45,17.40
1521,0.33,2306,0.00,0.00,12.20,33.00,82,1,-9.29,2.10,0.00,10.98,17.40
1573,0.42,2186,0.00,0.00,11.38,33.00,82,1,-6.96,2.10,0.00,12.55,18.50
1625,0.54,2093,0.00,0.00,12.06,34.00,82,1,-5.22,2.22,0.39,13.33,18.50
1678,0.63,1968,0.00,0.00,13.08,34.00,82,2,-3.63,2.22,0.39,13.73,18.50
1729,0.71,1968,0.00,0.00,13.41,32.00,82,4,-2.61,2.20,0.78,13.73,18.50
1782,0.76,1812,0.00,0.00,13.69,32.00,82,4,-2.61,2.20,0.78,13.73,18.50
1834,0.78,1749,0.00,0.00,14.03,30.50,82,7,-2.03,2.16,1.18,13.73,18.50
1887,0.78,1764,0.00,0.00,14.64,30.00,82,9,-1.89,2.14,1.18,13.73,18.50
1939,0.78,1780,0.00,0.00,14.64,30.50,82,14,-1.89,2.14,1.18,14.12,18.50
1992,0.78,1780,0.00,0.00,14.64,30.50,82,17,-1.89,2.16,1.18,14.12,18.50
2044,0.78,1783,0.00,0.00,14.64,30.50,82,17,-1.89,2.16,1.18,14.12,18.50
2096,0.78,1793,0.00,0.00,14.64,30.50,82,18,-1.89,2.16,1.18,14.12,18.50
2150,0.78,1823,0.00,0.00,14.65,30.50,82,18,-1.89,2.16,1.18,14.12,18.50
2202,0.78,1836,0.00,0.00,14.65,30.50,82,18,-1.89,2.16,1.18,14.12,15.90
2254,0.78,1836,0.00,0.00,14.65,30.50,82,17,-1.89,2.16,1.18,14.12,15.90
2307,0.78,1842,0.00,0.00,14.66,30.50,82,17,-1.89,2.16,1.18,14.12,15.90
2358,0.77,1868,0.00,0.00,14.66,30.50,82,17,-1.89,2.16,1.18,14.12,15.30
2411,0.77,1896,0.00,0.00,14.66,31.00,82,17,-1.89,2.16,1.18,14.12,15.30
2464,0.77,1908,0.00,0.00,14.66,31.50,82,17,-1.89,2.18,1.18,14.12,15.30
2516,0.77,1908,0.00,0.00,14.66,31.50,82,18,-2.03,2.18,1.18,14.12,15.10
2569,0.76,1923,0.00,0.00,14.67,32.00,82,18,-2.03,2.18,1.18,14.12,15.10
2622,0.76,1952,0.00,0.00,14.67,32.00,82,18,-2.03,2.18,1.18,14.12,15.10
2674,0.75,1972,0.00,0.00,14.68,32.00,82,18,-2.03,2.18,1.18,13.73,14.80
2727,0.75,1956,0.00,0.00,14.68,32.00,82,18,-2.18,2.16,1.18,12.55,14.80
2779,0.72,1956,0.00,0.00,14.99,32.50,82,18,-2.32,2.14,0.39,12.55,14.80
2831,0.70,1989,0.00,0.00,14.96,33.00,82,18,-2.32,2.14,0.00,12.55,14.10
2884,0.70,2013,0.00,0.00,14.70,33.00,82,17,-2.61,2.14,0.00,11.76,14.10
2936,0.69,2020,0.00,0.00,14.70,33.00,82,16,-2.76,2.14,0.00,10.20,13.80
2989,0.66,2034,0.00,0.00,15.14,33.50,82,15,-3.19,2.06,0.00,9.80,13.80
3042,0.63,2034,0.00,0.00,15.16,34.00,82,14,-3.77,2.06,0.00,9.80,13.80
3094,0.61,2054,0.00,0.00,15.05,35.00,82,14,-3.77,2.06,0.00,9.80,13.60
3147,0.59,2066,0.00,0.00,14.92,35.00,82,12,-3.92,2.06,0.00,9.80,13.60
3199,0.58,2090,0.00,0.00,14.93,35.00,82,9,-4.06,2.04,0.00,9.80,13.60
3251,0.58,2109,0.00,0.00,14.78,35.50,82,8,-4.21,2.06,0.00,9.80,13.30
3303,0.57,2109,0.00,0.00,14.78,35.50,82,7,-4.21,2.06,0.00,9.80,13.30
3357,0.57,2120,0.00,0.00,14.78,35.50,82,7,-4.21,2.06,0.00,9.80,13.30
3409,0.57,2139,0.00,0.00,14.78,35.50,82,6,-4.21,2.06,0.00,9.80,13.30
3461,0.56,2141,0.00,0.00,14.78,35.50,82,5,-4.35,2.04,0.00,9.80,13.50
3513,0.56,2151,0.00,0.00,14.78,35.50,82,5,-4.35,2.04,0.00,9.80,13.50
3566,0.55,2151,0.00,0.00,14.78,35.50,82,6,-4.50,2.06,0.00,9.80,14.20
3619,0.55,2169,0.00,0.00,14.78,35.50,82,6,-4.50,2.06,0.00,9.80,14.20
3671,0.55,2174,0.00,0.00,14.78,35.50,82,6,-4.50,2.06,0.00,9.80,14.20
3723,0.55,2187,0.00,0.00,14.78,35.50,82,6,-4.50,2.08,0.00,9.80,14.80
3776,0.55,2220,0.00,0.00,14.78,36.00,82,6,-4.50,2.06,0.00,9.80,14.80
3828,0.55,2220,0.00,0.00,14.78,36.00,82,6,-4.64,2.08,0.00,9.41,14.80
3881,0.55,2220,0.00,0.00,14.78,36.00,82,6,-4.64,2.08,0.00,9.80,14.70
3935,0.55,2251,0.00,0.00,14.78,36.00,82,7,-4.64,2.08,0.00,9.80,14.70
3985,0.55,2254,0.00,0.00,14.81,36.00,82,7,-4.79,2.08,0.00,9.41,14.70
4038,0.55,2270,0.00,0.00,14.80,36.00,82,7,-4.79,2.08,0.00,9.80,14.10
4091,0.55,2270,0.00,0.00,14.80,36.00,82,8,-4.79,2.08,0.00,9.80,14.10
4144,0.55,2260,0.00,0.00,14.80,36.00,82,8,-4.79,2.08,0.00,9.80,14.10
4196,0.55,2284,0.00,0.00,14.80,36.00,82,8,-4.79,2.08,0.00,9.80,13.80
4248,0.55,2290,0.00,0.00,14.80,36.00,82,8,-4.79,2.08,0.00,9.80,13.80
4300,0.55,2310,0.00,0.00,14.80,36.00,82,8,-4.79,2.10,0.00,10.20,13.80
4353,0.56,2310,0.00,0.00,14.80,36.00,82,8,-4.64,2.10,0.00,10.20,13.90
4406,0.56,2315,0.00,0.00,14.79,36.00,82,8,-4.64,2.12,0.00,10.20,13.90
4458,0.57,2346,0.00,0.00,14.79,36.00,82,8,-4.64,2.12,0.00,10.20,13.90
4510,0.57,2335,0.00,0.00,14.79,36.00,82,9,-4.64,2.12,0.00,10.20,14.30
4562,0.57,2354,0.00,0.00,14.79,36.00,82,10,-4.64,2.12,0.00,10.20,14.30
4615,0.57,2354,0.00,0.00,14.79,36.00,82,10,-4.64,2.14,0.00,10.20,14.30
4667,0.58,2364,0.00,0.00,14.79,35.50,82,10,-4.64,2.14,0.00,10.59,14.60
4720,0.58,2376,0.00,0.00,14.82,35.50,82,10,-4.64,2.14,0.00,12.55,14.60
4772,0.60,2383,0.00,0.00,14.06,35.50,82,11,-4.35,2.22,0.39,12.94,14.60
4825,0.63,2410,0.00,0.00,14.37,35.50,82,11,-3.92,2.22,0.39,12.94,14.10
4878,0.64,2410,0.00,0.00,14.80,35.00,82,12,-3.77,2.22,0.39,12.94,14.10
4930,0.65,2439,0.00,0.00,14.56,35.00,82,12,-3.77,2.24,0.39,12.94,14.10
4982,0.65,2413,0.00,0.00,14.79,35.00,82,14,-3.77,2.24,0.39,13.33,14.80
5036,0.66,2449,0.00,0.00,14.79,35.00,82,15,-3.63,2.24,0.78,13.73,14.80
5087,0.67,2481,0.00,0.00,14.17,34.50,82,16,-3.48,2.26,0.78,13.73,14.80
5141,0.69,2457,0.00,0.00,14.13,34.00,82,17,-3.34,2.28,0.78,14.12,15.30
5193,0.71,2457,0.00,0.00,14.09,34.00,82,17,-3.34,2.28,1.18,14.51,15.30
5245,0.72,2488,0.00,0.00,14.12,34.00,82,17,-3.19,2.28,1.18,14.51,15.30
5298,0.73,2519,0.00,0.00,14.09,34.00,82,19,-3.19,2.30,1.57,14.90,14.90
5350,0.74,2519,0.00,0.00,14.21,33.50,82,20,-3.05,2.32,1.57,14.90,14.90
5403,0.75,2528,0.00,0.00,14.13,33.50,82,21,-2.90,2.34,1.57,15.29,14.90
5456,0.76,2528,0.00,0.00,14.11,33.00,82,21,-2.90,2.34,1.57,15.69,15.50
5508,0.77,2539,0.00,0.00,13.88,33.00,82,22,-2.76,2.34,1.96,16.08,15.50
5561,0.79,2568,0.00,0.00,13.91,33.00,82,23,-2.61,2.36,2.35,16.47,15.50
5613,0.80,2596,0.00,0.00,13.89,33.00,82,24,-2.32,2.40,2.75,18.04,15.20
5665,0.83,2596,0.00,0.00,13.69,32.50,82,25,-1.89,2.46,2.75,18.82,15.20
5718,0.86,2628,0.00,0.00,13.79,32.00,82,25,-1.89,2.44,3.53,19.22,15.20
5770,0.87,2648,0.00,0.00,13.88,32.00,82,26,-1.60,2.44,3.92,19.22,14.70
5823,0.89,2620,0.00,0.00,13.85,31.50,82,26,-1.45,2.48,3.92,19.22,14.70
5876,0.89,2654,0.00,0.00,14.04,31.00,82,28,-1.31,2.46,4.31,20.00,14.70
5928,0.90,2680,0.00,0.00,13.91,31.00,82,28,-1.16,2.50,4.31,20.78,14.70
5981,0.92,2680,0.00,0.00,13.82,30.50,82,28,-1.16,2.50,5.10,20.78,14.70
6033,0.93,2680,0.00,0.00,13.98,30.50,82,29,-1.02,2.50,5.10,20.78,14.70
6086,0.93,2711,0.00,0.00,13.98,30.50,82,29,-1.02,2.50,5.10,20.78,14.40
6138,0.93,2734,0.00,0.00,13.98,30.50,82,30,-0.87,2.52,5.10,20.78,14.40
6190,0.94,2734,0.00,0.00,13.96,30.00,82,30,-0.87,2.52,5.10,20.78,14.40
6242,0.94,2733,0.00,0.00,13.96,30.00,82,30,-0.87,2.52,5.10,20.78,14.00
6294,0.94,2768,0.00,0.00,13.96,30.00,82,30,-0.87,2.52,5.10,20.78,14.00
6348,0.95,2789,0.00,0.00,13.96,30.00,82,30,-0.73,2.54,5.10,20.78,14.00
6400,0.95,2792,0.00,0.00,13.95,30.00,82,31,-0.73,2.54,5.10,20.78,14.00
6452,0.95,2815,0.00,0.00,13.94,30.00,81,31,-0.73,2.56,5.10,20.78,14.00
6505,0.95,2815,0.00,0.00,13.94,30.00,81,31,-0.73,2.54,5.10,20.78,14.00
6558,0.95,2842,0.00,0.00,13.92,30.00,81,31,-0.73,2.54,5.10,20.78,13.70
6610,0.95,2868,0.00,0.00,13.94,30.00,81,31,-0.58,2.56,5.10,20.78,13.70
6663,0.95,2880,0.00,0.00,13.92,30.00,81,31,-0.58,2.56,5.10,20.78,13.70
6715,0.95,2919,0.00,0.00,14.00,30.50,81,31,-0.58,2.56,5.10,20.78,13.30
6767,0.95,2919,0.00,0.00,13.91,30.50,81,31,-0.58,2.56,5.10,20.78,13.30
6820,0.94,2908,0.00,0.00,13.93,30.50,81,31,-0.58,2.56,5.10,20.78,13.30
6873,0.95,2930,0.00,0.00,13.91,30.50,81,31,-0.58,2.58,5.10,20.78,13.10
6925,0.94,2958,0.00,0.00,13.91,30.50,81,31,-0.58,2.58,5.10,20.78,13.10
6977,0.94,2984,0.00,0.00,13.92,30.50,81,31,-0.44,2.56,5.10,20.78,13.10
7030,0.93,2984,0.00,0.00,13.92,30.50,81,31,-0.44,2.58,5.10,20.78,13.30
7082,0.93,2994,0.00,0.00,13.92,30.50,81,31,-0.44,2.58,5.10,20.78,13.30
7134,0.93,3008,0.00,0.00,13.92,31.00,81,30,-0.44,2.58,5.10,20.78,13.30
7186,0.92,3045,0.00,0.00,13.92,31.00,81,31,-0.44,2.58,5.10,20.78,13.20
7240,0.92,3045,0.00,0.00,13.94,31.00,81,30,-0.44,2.58,5.10,20.78,13.20
7291,0.92,3045,0.00,0.00,13.92,31.50,81,30,-0.44,2.58,4.71,20.39,13.20
7344,0.92,3060,0.00,0.00,13.92,31.50,81,30,-0.44,2.58,4.71,20.39,13.30
7397,0.91,3098,0.00,0.00,13.92,31.50,81,30,-0.44,2.58,4.71,20.39,13.30
7450,0.92,3095,0.00,0.00,13.92,31.50,81,30,-0.44,2.60,4.71,20.39,13.30
7503,0.91,3116,0.00,0.00,13.91,31.50,81,30,-0.44,2.58,4.71,20.39,13.10
7555,0.91,3116,0.00,0.00,13.91,32.00,81,30,-0.44,2.60,4.71,20.39,13.10
7608,0.91,3144,0.00,0.00,13.91,32.00,81,30,-0.44,2.60,4.71,20.78,13.10
7660,0.91,3136,0.00,0.00,13.91,32.00,81,30,-0.44,2.60,4.71,20.78,13.20
7711,0.92,3167,0.00,0.00,13.89,32.00,81,30,-0.44,2.62,4.71,21.57,13.20
7765,0.92,3182,0.00,0.00,13.86,31.50,81,29,-0.29,2.64,4.71,24.31,13.20
7817,0.94,3182,0.00,0.00,13.57,30.50,81,29,-0.29,2.70,5.49,26.27,13.20
7869,0.97,3212,0.00,0.00,13.51,30.50,81,29,0.44,2.70,15.29,27.45,13.20
7922,0.99,3217,0.00,0.00,13.60,30.00,81,30,0.73,2.72,16.47,28.24,13.60
7975,1.00,3256,0.00,0.00,13.65,29.50,81,31,1.02,2.74,17.25,29.02,13.60
8027,1.01,3251,0.00,0.00,13.62,29.00,81,32,1.16,2.76,17.25,29.02,13.60
8080,1.02,3251,0.00,0.00,13.60,29.00,81,32,1.16,2.78,17.25,29.02,13.80
8133,1.03,3285,0.00,0.00,13.45,29.00,81,33,1.16,2.78,17.65,29.41,13.80
8185,1.05,3302,0.00,0.00,13.45,29.00,81,33,1.31,2.78,17.25,29.02,13.80
8237,1.05,3320,0.00,0.00,13.43,29.00,81,33,1.45,2.80,17.25,29.02,14.00
8290,1.06,3362,0.00,0.00,13.47,29.00,81,33,1.45,2.80,17.25,29.02,14.00
8342,1.07,3362,0.00,0.00,13.45,28.50,81,33,1.45,2.80,17.25,28.24,14.00
8394,1.05,3370,0.00,0.00,13.56,28.50,81,33,1.45,2.80,16.47,25.49,13.60
8448,1.02,3394,0.00,0.00,13.72,29.00,81,33,1.02,2.76,14.51,25.49,13.60
8501,1.01,3431,0.00,0.00,13.55,29.00,81,33,1.02,2.78,14.51,24.31,13.60
8553,0.99,3446,0.00,0.00,13.68,29.50,81,33,0.73,2.74,14.51,21.57,13.10
8606,0.96,3446,0.00,0.00,13.78,30.50,81,33,0.29,2.72,5.49,21.18,13.10
8657,0.94,3446,0.00,0.00,13.75,30.50,81,33,0.29,2.72,4.71,21.18,13.10
8710,0.93,3480,0.00,0.00,13.64,31.50,81,33,0.15,2.72,4.31,21.18,12.90
8763,0.92,3524,0.00,0.00,13.65,32.00,81,32,0.00,2.72,4.31,20.78,12.90
8816,0.92,3534,0.00,0.00,13.63,32.00,81,31,-0.15,2.72,4.31,20.78,12.90
8868,0.92,3534,0.00,0.00,13.63,32.00,81,31,-0.15,2.72,4.31,20.39,13.10
8921,0.90,3559,0.00,0.00,13.72,32.00,81,30,-0.15,2.72,4.31,19.61,13.10
8973,0.89,3576,0.00,0.00,13.72,32.50,81,30,-0.44,2.70,3.53,19.22,13.10
9026,0.88,3563,0.00,0.00,13.66,33.00,81,29,-0.58,2.70,3.53,18.43,13.50
9078,0.87,3597,0.00,0.00,13.66,33.00,81,29,-0.87,2.68,3.53,17.65,13.50
9131,0.85,3597,0.00,0.00,13.78,34.00,81,28,-1.31,2.66,3.14,17.25,13.50
9184,0.84,3628,0.00,0.00,13.78,34.00,81,28,-1.31,2.66,2.75,14.51,13.20
9236,0.79,3626,0.00,0.00,14.12,34.00,81,28,-1.74,2.58,1.18,10.20,13.20
9289,0.64,3620,0.00,0.00,15.06,35.00,81,27,-3.92,2.34,0.00,6.27,13.20
9341,0.48,3614,0.00,0.00,16.88,37.50,81,26,-5.51,1.94,0.00,0.00,12.70
9394,0.35,3614,0.00,0.00,16.36,40.00,81,22,-7.25,1.68,0.00,0.00,12.70
9446,0.31,3628,0.00,0.00,13.61,40.00,81,22,-7.25,1.68,0.00,0.00,12.70
9498,0.33,3655,0.00,0.00,12.13,38.50,81,16,-7.84,1.88,0.00,0.00,10.40
9552,0.34,3626,0.00,0.00,14.90,36.50,81,11,-8.13,2.20,0.00,0.00,10.40
9604,0.35,3580,0.00,0.00,15.05,35.50,81,6,-8.27,2.28,0.00,0.00,10.40
9656,0.32,3580,0.00,0.00,16.08,33.50,81,3,-8.27,2.28,0.00,0.00,10.00
9709,0.31,3568,0.00,0.00,15.94,23.50,79,3,-8.27,2.12,0.00,0.00,10.00
9761,0.31,3524,0.00,0.00,15.27,23.50,79,1,-8.42,2.12,0.00,0.00,10.00
9815,0.31,3442,0.00,0.00,14.70,20.50,79,1,-8.56,1.94,0.00,0.00,13.60
9867,0.31,3342,0.00,0.00,13.52,17.50,79,1,-8.56,1.86,0.00,0.00,13.60
9920,0.31,3342,0.00,0.00,13.08,16.00,79,1,-8.71,1.72,0.00,0.00,13.60
9972,0.30,3269,0.00,0.00,12.96,16.00,79,1,-8.71,1.76,0.00,0.00,18.50
10025,0.30,3167,0.00,0.00,12.99,16.00,79,1,-8.71,1.76,0.00,0.00,18.50
10077,0.29,3095,0.00,0.00,13.02,28.00,79,1,-8.85,1.98,0.00,0.00,18.50
10130,0.29,2988,0.00,0.00,14.03,28.00,79,1,-8.85,2.04,0.00,2.75,18.50
10182,0.29,2988,0.00,0.00,15.08,30.50,79,1,-8.56,1.98,0.00,3.92,18.50
10235,0.28,2922,0.00,0.00,15.80,33.50,79,1,-8.56,1.80,0.00,4.31,18.50
10287,0.28,2960,0.00,0.00,15.66,33.50,79,2,-8.27,1.80,0.00,4.31,18.50
10340,0.28,2980,0.00,0.00,14.70,37.00,79,4,-8.13,1.76,0.00,4.71,18.50
10393,0.29,2966,0.00,0.00,14.69,39.50,79,5,-8.13,1.86,0.00,4.71,18.50
10445,0.30,2966,0.00,0.00,14.69,40.00,79,5,-7.98,1.92,0.00,5.10,18.50
10497,0.31,2965,0.00,0.00,14.69,40.00,79,5,-7.98,1.92,0.00,5.10,18.50
10550,0.32,2976,0.00,0.00,14.69,40.00,79,5,-7.98,1.92,0.00,5.10,18.50
10602,0.32,2920,0.00,0.00,14.69,40.00,79,5,-7.84,1.94,0.00,5.10,16.90
10655,0.33,2813,0.00,0.00,14.68,40.00,79,6,-7.84,1.92,0.00,5.10,16.90
10708,0.34,2813,0.00,0.00,14.68,40.00,79,6,-7.84,1.92,0.00,5.10,16.90
10761,0.35,2685,0.00,0.00,14.68,40.00,79,6,-7.84,1.88,0.00,5.10,15.50
10813,0.35,2548,0.00,0.00,14.68,40.00,79,7,-7.84,1.88,0.00,5.10,15.50
10864,0.35,2494,0.00,0.00,14.68,40.00,79,6,-7.84,1.88,0.00,5.10,15.50
10918,0.34,2554,0.00,0.00,14.68,40.00,79,5,-7.84,1.86,0.00,5.10,15.30
10970,0.34,2554,0.00,0.00,14.69,40.00,79,5,-7.84,1.88,0.00,5.10,15.30
11023,0.34,2565,0.00,0.00,14.69,40.00,79,5,-7.84,1.86,0.00,5.10,15.30
11075,0.34,2518,0.00,0.00,14.69,40.00,79,5,-7.84,1.86,0.00,5.10,15.10
11128,0.34,2541,0.00,0.00,14.69,40.00,79,5,-7.84,1.86,0.00,5.10,15.10
11180,0.34,2544,0.00,0.00,14.69,40.00,79,5,-7.84,1.88,0.00,5.10,15.10
11234,0.34,2544,0.00,0.00,14.69,40.00,79,5,-7.84,1.88,0.00,5.10,14.60
11286,0.34,2516,0.00,0.00,14.69,40.00,79,5,-7.84,1.86,0.00,5.10,14.60
11338,0.34,2552,0.00,0.00,14.69,40.00,79,5,-7.84,1.86,0.00,5.10,14.60
11391,0.34,2548,0.00,0.00,14.69,40.00,79,5,-7.98,1.88,0.00,5.49,13.80
11443,0.34,2518,0.00,0.00,14.69,40.00,79,5,-7.84,1.88,0.00,5.49,13.80
11496,0.34,2518,0.00,0.00,14.69,40.00,79,5,-7.84,1.86,0.00,5.49,13.80
11548,0.34,2534,0.00,0.00,14.69,40.00,79,5,-7.84,1.88,0.00,5.49,13.40
11601,0.34,2544,0.00,0.00,14.69,40.00,79,5,-7.84,1.88,0.00,5.49,13.40
11653,0.34,2536,0.00,0.00,14.69,40.00,79,5,-7.84,1.86,0.00,5.49,13.40
11706,0.34,2526,0.00,0.00,14.69,40.00,79,5,-7.84,1.88,0.00,5.49,13.40
11758,0.34,2528,0.00,0.00,14.69,40.00,79,5,-7.84,1.88,0.00,5.49,13.40
11810,0.34,2528,0.00,0.00,14.69,40.00,79,5,-7.84,1.88,0.00,5.49,13.40
11863,0.34,2529,0.00,0.00,14.69,40.00,79,5,-7.98,1.88,0.00,5.49,13.90
11915,0.34,2531,0.00,0.00,14.69,40.00,79,5,-7.84,1.86,0.00,5.49,13.90
11969,0.34,2523,0.00,0.00,14.69,40.00,79,5,-7.98,1.88,0.00,5.49,14.40
12021,0.34,2518,0.00,0.00,14.69,40.00,79,5,-7.98,1.86,0.00,5.49,14.40
12073,0.34,2518,0.00,0.00,14.69,40.00,79,5,-7.98,1.86,0.00,5.10,14.40
12127,0.34,2520,0.00,0.00,14.69,40.00,79,5,-7.98,1.86,0.00,5.10,14.30
12179,0.34,2523,0.00,0.00,14.69,40.00,79,5,-7.98,1.86,0.00,5.49,14.30
12231,0.34,2516,0.00,0.00,14.72,40.00,79,5,-7.98,1.86,0.00,5.49,14.30
12284,0.34,2518,0.00,0.00,14.75,40.00,79,5,-7.98,1.88,0.00,5.49,14.00
12336,0.34,2518,0.00,0.00,14.75,40.00,79,5,-7.98,1.88,0.00,5.49,14.00
12388,0.35,2505,0.00,0.00,14.75,40.00,79,5,-7.98,1.88,0.00,5.49,14.00
12441,0.35,2524,0.00,0.00,14.75,40.00,79,5,-7.98,1.86,0.00,5.49,14.00
12493,0.35,2510,0.00,0.00,14.75,40.00,79,5,-7.98,1.88,0.00,5.49,13.70
12545,0.35,2508,0.00,0.00,14.75,40.00,79,5,-7.98,1.88,0.00,5.49,13.70
12598,0.35,2508,0.00,0.00,14.75,40.00,79,5,-7.98,1.88,0.00,5.49,13.70
12651,0.35,2512,0.00,0.00,14.75,40.00,79,5,-7.98,1.88,0.00,5.49,13.70
12703,0.35,2515,0.00,0.00,14.75,40.00,79,5,-7.98,1.86,0.00,5.49,13.70
12756,0.35,2507,0.00,0.00,14.76,40.00,79,5,-7.98,1.88,0.00,5.49,13.90
12808,0.35,2501,0.00,0.00,14.75,40.00,79,5,-7.98,1.88,0.00,5.49,13.90
12860,0.35,2501,0.00,0.00,14.75,40.00,79,5,-7.98,1.86,0.00,5.49,13.90
12913,0.35,2507,0.00,0.00,14.76,40.00,79,5,-7.98,1.86,0.00,5.49,14.10
12965,0.35,2506,0.00,0.00,14.76,40.00,79,5,-7.98,1.88,0.00,5.49,14.10
13018,0.35,2499,0.00,0.00,14.79,40.00,79,5,-7.98,1.88,0.00,5.49,14.10
13070,0.35,2495,0.00,0.00,14.79,40.00,79,5,-7.98,1.88,0.00,5.49,14.30
13123,0.35,2495,0.00,0.00,14.79,40.00,79,5,-7.98,1.88,0.00,5.49,14.30
13174,0.35,2498,0.00,0.00,14.79,40.00,79,5,-7.98,1.88,0.00,5.49,14.30
13228,0.35,2505,0.00,0.00,14.79,40.00,79,5,-7.98,1.86,0.00,5.49,14.50
13280,0.35,2486,0.00,0.00,14.79,40.00,79,5,-7.98,1.86,0.00,5.49,14.50
13333,0.35,2482,0.00,0.00,14.79,40.00,79,5,-7.98,1.88,0.00,5.49,14.50
13385,0.35,2482,0.00,0.00,14.79,40.00,79,5,-7.98,1.88,0.00,5.49,14.60
13437,0.35,2486,0.00,0.00,14.79,40.00,79,5,-7.98,1.88,0.00,5.49,14.60
13489,0.35,2485,0.00,0.00,14.79,40.00,79,5,-7.98,1.88,0.00,5.10,14.60
13543,0.35,2478,0.00,0.00,14.79,40.00,79,5,-7.98,1.88,0.00,5.49,14.70
13595,0.35,2486,0.00,0.00,14.79,40.00,79,5,-7.98,1.86,0.00,5.49,14.70
13647,0.35,2486,0.00,0.00,14.79,40.00,79,5,-7.98,1.86,0.00,5.10,14.70
13700,0.35,2478,0.00,0.00,14.79,40.00,79,5,-7.98,1.86,0.00,5.10,14.70
13780,0.35,2468,0.00,0.00,14.82,40.00,79,5,-7.98,1.86,0.00,5.10,14.70
13805,0.34,2479,0.00,0.00,14.82,40.00,79,5,-7.98,1.86,0.00,5.10,14.70
13858,0.34,2478,0.00,0.00,14.82,40.00,79,4,-8.13,1.84,0.00,4.71,14.50
13911,0.34,2478,0.00,0.00,14.82,40.00,79,4,-8.13,1.84,0.00,4.71,14.50
13963,0.34,2459,0.00,0.00,14.82,40.00,79,4,-8.13,1.84,0.00,4.71,14.50
14016,0.34,2459,0.00,0.00,14.82,40.00,79,4,-8.13,1.84,0.00,4.71,14.40
14067,0.34,2461,0.00,0.00,14.82,40.00,79,4,-8.13,1.84,0.00,4.71,14.40
14120,0.34,2456,0.00,0.00,14.82,40.00,79,4,-8.13,1.84,0.00,4.71,14.40
14173,0.34,2456,0.00,0.00,14.82,40.00,79,4,-8.13,1.84,0.00,4.71,14.50
14226,0.34,2446,0.00,0.00,14.82,40.00,79,4,-8.13,1.84,0.00,4.71,14.50
14278,0.34,2456,0.00,0.00,14.82,40.00,79,4,-8.13,1.84,0.00,4.71,14.50
14331,0.34,2440,0.00,0.00,14.82,40.00,79,4,-8.13,1.84,0.00,5.10,14.60
14383,0.34,2445,0.00,0.00,14.87,40.00,79,4,-8.13,1.84,0.00,5.10,14.60
14436,0.34,2445,0.00,0.00,14.87,40.00,79,4,-8.13,1.84,0.00,5.10,14.60
14488,0.34,2444,0.00,0.00,14.90,40.00,79,4,-8.13,1.84,0.00,5.10,14.70
14540,0.34,2434,0.00,0.00,14.90,40.50,79,4,-7.98,1.84,0.00,5.49,14.70
14593,0.34,2435,0.00,0.00,14.93,40.50,79,4,-7.98,1.86,0.00,5.49,14.70
14646,0.35,2441,0.00,0.00,14.93,40.50,79,4,-7.84,1.88,0.00,5.88,14.70
14698,0.36,2441,0.00,0.00,14.96,40.50,79,4,-7.69,1.92,0.00,7.06,14.70
14750,0.38,2432,0.00,0.00,14.12,40.50,79,4,-7.69,1.92,0.00,7.45,14.70
14803,0.40,2431,0.00,0.00,13.89,40.50,79,4,-7.40,1.98,0.00,7.84,14.80
14855,0.43,2441,0.00,0.00,14.09,40.00,79,4,-6.96,2.02,0.00,8.63,14.80
14908,0.45,2428,0.00,0.00,14.07,39.00,79,5,-6.67,2.06,0.00,9.41,14.80
14961,0.48,2428,0.00,0.00,14.02,38.00,79,5,-6.09,2.08,0.00,9.80,14.80
15014,0.50,2428,0.00,0.00,14.40,38.00,79,5,-6.09,2.08,0.00,10.20,14.80
15066,0.52,2447,0.00,0.00,14.48,37.50,79,7,-5.80,2.10,0.00,10.98,14.80
15119,0.54,2427,0.00,0.00,14.32,36.50,79,8,-5.51,2.14,0.00,11.37,14.80
15170,0.56,2440,0.00,0.00,14.47,36.00,79,9,-4.93,2.18,0.00,12.16,14.80
15224,0.59,2440,0.00,0.00,14.44,35.50,79,10,-4.64,2.20,0.00,12.55,14.80
15276,0.61,2446,0.00,0.00,14.61,35.50,79,10,-4.64,2.20,0.00,12.55,14.70
15328,0.63,2441,0.00,0.00,14.82,35.50,79,11,-4.35,2.22,0.39,12.94,14.70
15381,0.64,2434,0.00,0.00,14.84,35.00,79,13,-4.06,2.22,0.39,12.94,14.70
15434,0.65,2459,0.00,0.00,15.17,35.00,79,14,-3.92,2.24,0.39,12.94,15.10
15485,0.66,2459,0.00,0.00,15.20,34.50,79,15,-3.92,2.24,0.39,12.94,15.10
15538,0.66,2449,0.00,0.00,15.20,34.50,79,15,-3.92,2.24,0.39,12.94,15.10
15591,0.67,2450,0.00,0.00,14.96,34.50,79,16,-3.77,2.24,0.39,12.94,15.20
15644,0.67,2470,0.00,0.00,14.95,34.50,79,17,-3.77,2.24,0.39,12.94,15.20
15696,0.67,2463,0.00,0.00,14.93,34.50,79,17,-3.77,2.24,0.39,12.94,15.20
15748,0.68,2463,0.00,0.00,14.99,34.50,79,17,-3.77,2.26,0.39,12.94,14.60
15801,0.68,2464,0.00,0.00,14.98,34.50,79,17,-3.77,2.26,0.39,12.94,14.60
15852,0.68,2498,0.00,0.00,14.63,34.50,79,18,-3.63,2.26,0.39,13.33,14.60
15905,0.68,2463,0.00,0.00,14.47,34.50,79,18,-3.63,2.26,0.78,13.33,15.30
15958,0.67,2488,0.00,0.00,14.35,34.50,79,18,-3.63,2.26,0.78,13.33,15.30
16010,0.67,2488,0.00,0.00,14.32,34.50,79,18,-3.63,2.28,0.78,13.73,15.30
16063,0.68,2468,0.00,0.00,14.30,34.50,79,18,-3.63,2.28,0.78,13.73,15.50
16116,0.69,2482,0.00,0.00,14.30,34.00,79,18,-3.48,2.28,0.78,13.73,15.50
16168,0.69,2500,0.00,0.00,14.30,34.00,79,18,-3.48,2.28,0.78,13.73,15.30
16221,0.69,2475,0.00,0.00,14.29,34.00,79,19,-3.48,2.28,0.78,13.73,15.30
16273,0.70,2475,0.00,0.00,14.26,34.00,79,18,-3.34,2.28,1.18,13.73,15.30
16326,0.70,2505,0.00,0.00,14.25,34.00,79,18,-3.34,2.28,1.18,13.73,15.30
16378,0.71,2519,0.00,0.00,14.23,34.00,79,19,-3.34,2.28,1.18,13.73,15.30
16430,0.72,2488,0.00,0.00,14.22,34.00,79,19,-3.19,2.30,1.18,13.73,15.30
16484,0.72,2518,0.00,0.00,14.21,34.00,79,20,-3.19,2.30,1.18,14.12,15.30
16535,0.72,2518,0.00,0.00,14.21,34.00,79,20,-3.19,2.30,1.18,14.12,15.20
16588,0.72,2524,0.00,0.00,14.21,34.00,79,20,-3.19,2.30,1.18,14.12,15.20
16641,0.72,2522,0.00,0.00,14.21,34.00,79,20,-3.19,2.30,1.18,14.12,15.20
16694,0.72,2526,0.00,0.00,14.21,34.00,79,21,-3.19,2.30,1.18,14.12,15.10
16746,0.73,2524,0.00,0.00,14.20,34.00,79,21,-3.05,2.30,1.18,14.12,15.10
16797,0.73,2524,0.00,0.00,14.19,33.50,79,21,-3.05,2.32,1.18,14.51,14.90
16851,0.74,2540,0.00,0.00,14.17,33.50,79,21,-3.05,2.32,1.18,14.51,14.90
16903,0.75,2554,0.00,0.00,14.15,33.50,79,21,-2.90,2.32,1.18,14.51,14.90
16956,0.75,2545,0.00,0.00,14.13,33.50,79,21,-2.90,2.32,1.57,14.51,14.70
17008,0.75,2557,0.00,0.00,14.13,33.00,79,22,-2.90,2.32,1.57,14.51,14.70
17061,0.75,2557,0.00,0.00,14.13,33.00,79,22,-2.90,2.32,1.57,14.51,14.70
17114,0.76,2556,0.00,0.00,14.12,33.00,79,22,-2.90,2.34,1.57,14.51,14.60
17165,0.76,2569,0.00,0.00,14.11,33.00,79,22,-2.90,2.34,1.57,14.51,14.60
17219,0.76,2583,0.00,0.00,14.11,33.00,79,23,-2.76,2.32,1.57,14.51,14.60
17271,0.76,2590,0.00,0.00,14.11,33.00,79,23,-2.90,2.34,1.57,14.51,14.30
17323,0.77,2590,0.00,0.00,14.11,33.00,79,23,-2.76,2.34,1.57,14.51,14.30
17376,0.77,2582,0.00,0.00,14.11,33.00,79,23,-2.76,2.34,1.57,14.51,14.30
17429,0.76,2584,0.00,0.00,14.11,33.00,79,23,-2.76,2.34,1.57,14.51,14.00
17482,0.77,2594,0.00,0.00,14.12,33.00,79,23,-2.76,2.34,1.57,14.51,14.00
17534,0.77,2608,0.00,0.00,14.12,33.00,79,23,-2.76,2.34,1.57,14.51,14.00
17586,0.76,2608,0.00,0.00,14.12,33.00,79,24,-2.76,2.36,1.57,14.51,14.00
17639,0.77,2626,0.00,0.00,14.12,33.00,79,24,-2.76,2.34,1.57,14.90,14.00
17691,0.77,2612,0.00,0.00,14.12,33.00,79,23,-2.76,2.34,1.57,14.90,14.00
17744,0.77,2615,0.00,0.00,14.13,33.00,79,24,-2.76,2.36,1.57,14.51,14.00
17797,0.77,2625,0.00,0.00,14.13,33.00,79,24,-2.76,2.34,1.57,14.90,14.00
17849,0.77,2625,0.00,0.00,14.13,33.00,79,24,-2.76,2.36,1.57,14.90,14.00
17901,0.77,2624,0.00,0.00,14.13,33.00,79,24,-2.76,2.36,1.57,15.29,13.70
17954,0.78,2644,0.00,0.00,14.13,33.00,79,24,-2.61,2.36,1.96,17.25,13.70
18006,0.82,2658,0.00,0.00,13.55,33.00,79,24,-2.32,2.44,3.14,19.61,13.70
18058,0.87,2660,0.00,0.00,13.43,32.00,79,24,-1.45,2.52,5.10,23.53,14.00
18111,0.95,2660,0.00,0.00,13.43,29.50,79,25,-0.44,2.58,5.10,25.49,14.00
18163,1.00,2682,0.00,0.00,13.54,28.00,79,25,-0.44,2.58,15.29,26.27,14.00
18217,1.02,2672,0.00,0.00,13.63,28.00,79,28,0.00,2.58,16.08,29.02,14.80
18269,1.05,2694,0.00,0.00,13.57,28.00,79,32,0.44,2.62,18.43,32.16,14.80
18321,1.08,2706,0.00,0.00,13.52,27.50,79,33,0.87,2.64,21.96,36.47,14.80
18374,1.10,2706,0.00,0.00,13.51,27.00,79,34,1.31,2.66,21.96,40.78,15.10
18427,1.11,2721,0.00,0.00,13.45,27.00,79,34,1.31,2.70,25.49,47.84,15.10
18480,1.14,2734,0.00,0.00,13.46,27.00,79,33,1.60,2.70,31.37,51.76,15.10
18532,1.15,2729,0.00,0.00,13.43,26.50,79,33,1.89,2.72,36.08,57.25,14.80
18584,1.16,2738,0.00,0.00,13.51,26.00,79,32,2.03,2.72,41.57,65.49,14.80
18637,1.17,2763,0.00,0.00,13.17,26.00,79,32,2.32,2.74,41.57,72.94,14.80
18689,1.18,2763,0.00,0.00,12.97,26.00,79,32,2.32,2.76,49.80,76.86,14.40
18742,1.19,2780,0.00,0.00,12.97,26.00,79,32,2.47,2.76,63.53,83.92,14.40
18794,1.19,2808,0.00,0.00,12.98,26.00,79,32,2.61,2.74,89.80,92.94,14.40
18847,1.22,2813,0.00,0.00,12.77,25.50,79,32,2.76,2.80,100.00,96.86,13.60
18899,1.22,2832,0.00,0.00,12.98,25.50,79,32,2.90,2.80,100.00,98.43,13.60
18953,1.24,2832,0.00,0.00,12.88,25.00,79,32,2.90,2.82,100.00,100.00,13.60
19005,1.26,2847,0.00,0.00,12.89,25.00,79,32,3.05,2.82,100.00,100.00,13.20
19057,1.26,2857,0.00,0.00,12.89,25.00,79,32,3.19,2.84,100.00,100.00,13.20
19115,1.27,2871,0.00,0.00,12.98,25.00,79,32,3.34,2.80,100.00,100.00,13.20
19162,1.30,2876,0.00,0.00,12.85,24.50,79,32,3.34,2.84,100.00,100.00,12.80
19215,1.32,2876,0.00,0.00,12.82,24.00,79,32,3.34,2.86,100.00,100.00,12.80
19268,1.33,2889,0.00,0.00,12.98,24.00,79,32,3.48,2.86,100.00,100.00,12.80
19320,1.34,2940,0.00,0.00,12.91,24.00,79,32,3.63,2.84,100.00,100.00,12.80
19372,1.37,2942,0.00,0.00,12.85,23.50,79,32,3.77,2.88,100.00,100.00,12.80
19424,1.38,2957,0.00,0.00,12.90,23.50,79,33,3.92,2.90,100.00,100.00,12.80
19478,1.39,2957,0.00,0.00,12.88,23.50,79,33,3.92,2.90,100.00,100.00,12.60
19530,1.39,2971,0.00,0.00,12.88,23.50,79,32,3.92,2.90,100.00,100.00,12.60
19582,1.40,2976,0.00,0.00,12.86,23.50,79,33,4.06,2.90,100.00,100.00,12.60
19635,1.40,3019,0.00,0.00,12.85,23.50,79,33,4.21,2.92,100.00,100.00,12.30
19687,1.40,3018,0.00,0.00,12.85,23.50,79,33,4.35,2.90,100.00,100.00,12.30
19740,1.40,3018,0.00,0.00,12.86,23.50,79,33,4.35,2.94,100.00,100.00,12.30
19792,1.40,3032,0.00,0.00,12.85,23.50,79,33,4.50,2.94,100.00,100.00,12.00
19844,1.41,3081,0.00,0.00,12.85,23.50,79,33,4.50,2.96,100.00,100.00,12.00
19898,1.41,3064,0.00,0.00,12.85,23.50,79,33,4.64,2.92,100.00,100.00,12.00
19950,1.41,3096,0.00,0.00,12.84,23.50,79,33,4.79,2.98,100.00,100.00,12.30
20003,1.41,3096,0.00,0.00,12.84,23.50,79,33,4.79,2.98,100.00,100.00,12.30
20055,1.42,3135,0.00,0.00,12.84,23.50,77,33,4.79,2.98,100.00,100.00,12.30
20107,1.42,3125,0.00,0.00,12.83,23.50,77,33,4.93,3.00,100.00,100.00,12.40
20160,1.42,3175,0.00,0.00,12.83,23.50,77,32,5.08,3.00,100.00,100.00,12.40
20213,1.43,3163,0.00,0.00,12.72,23.50,77,33,5.08,3.02,100.00,100.00,12.40
20265,1.43,3163,0.00,0.00,12.81,23.50,77,33,5.08,3.02,100.00,100.00,12.60
20318,1.44,3216,0.00,0.00,12.72,23.50,77,33,5.22,3.02,100.00,100.00,12.60
20370,1.45,3212,0.00,0.00,12.77,23.00,77,33,5.22,3.04,100.00,100.00,12.60
20423,1.46,3248,0.00,0.00,12.75,23.00,77,32,5.37,3.04,100.00,100.00,12.50
20475,1.46,3262,0.00,0.00,12.73,22.50,77,33,5.51,3.06,100.00,100.00,12.50
20528,1.47,3262,0.00,0.00,12.64,22.50,77,33,5.51,3.10,100.00,100.00,12.50
20580,1.48,3285,0.00,0.00,12.61,22.50,77,33,5.51,3.10,100.00,100.00,12.60
20632,1.49,3301,0.00,0.00,12.64,22.50,77,32,5.66,3.10,100.00,100.00,12.60
20686,1.51,3320,0.00,0.00,12.52,22.00,77,33,5.80,3.10,100.00,100.00,12.60
20737,1.53,3351,0.00,0.00,12.47,21.50,77,33,5.80,3.12,100.00,100.00,12.50
20791,1.54,3351,0.00,0.00,12.46,21.00,77,33,5.95,3.16,100.00,100.00,12.50
20842,1.56,3368,0.00,0.00,12.46,21.00,77,33,5.95,3.16,100.00,100.00,12.50
20896,1.58,3386,0.00,0.00,12.35,20.50,77,33,6.09,3.16,100.00,100.00,12.50
20948,1.59,3423,0.00,0.00,12.38,20.00,77,33,6.24,3.18,100.00,100.00,12.50
21001,1.61,3456,0.00,0.00,12.19,20.00,77,33,6.38,3.20,100.00,100.00,12.00
21053,1.63,3456,0.00,0.00,12.27,19.50,77,33,6.53,3.22,100.00,100.00,12.00
21106,1.66,3451,0.00,0.00,12.09,19.50,77,33,6.53,3.22,100.00,100.00,12.00
21158,1.68,3477,0.00,0.00,12.05,19.00,77,33,6.67,3.22,100.00,100.00,11.80
21210,1.70,3522,0.00,0.00,11.98,19.00,77,33,6.82,3.26,100.00,100.00,11.80
21264,1.72,3542,0.00,0.00,12.03,19.00,77,33,6.96,3.26,100.00,100.00,11.80
21316,1.72,3542,0.00,0.00,12.01,19.00,77,33,7.11,3.26,100.00,100.00,11.60
21368,1.73,3573,0.00,0.00,11.93,19.00,77,33,7.11,3.26,100.00,100.00,11.60
21421,1.76,3590,0.00,0.00,11.80,18.50,77,33,7.25,3.30,100.00,100.00,11.60
21473,1.77,3614,0.00,0.00,11.85,18.50,77,32,7.55,3.32,100.00,100.00,11.20
21526,1.78,3618,0.00,0.00,11.77,18.00,77,33,7.69,3.34,100.00,100.00,11.20
21579,1.79,3618,0.00,0.00,11.87,18.00,77,33,7.84,3.34,100.00,100.00,11.20
21631,1.80,3650,0.00,0.00,11.74,17.50,77,33,7.84,3.38,100.00,100.00,11.10
21683,1.81,3664,0.00,0.00,11.77,17.50,77,32,8.13,3.38,100.00,100.00,11.10
21736,1.83,3694,0.00,0.00,11.71,17.50,77,32,8.27,3.40,100.00,100.00,11.10
21789,1.84,3746,0.00,0.00,11.76,17.50,77,32,8.42,3.38,100.00,100.00,11.10
21841,1.86,3746,0.00,0.00,11.73,17.50,77,32,8.56,3.40,100.00,100.00,11.10
21893,1.86,3755,0.00,0.00,11.71,17.50,77,32,8.56,3.40,100.00,100.00,11.10
21947,1.88,3797,0.00,0.00,11.57,17.50,77,31,8.85,3.42,100.00,100.00,11.20
21999,1.89,3822,0.00,0.00,11.65,17.50,77,31,9.00,3.44,100.00,100.00,11.20
22052,1.92,3824,0.00,0.00,11.51,17.50,77,31,9.14,3.46,100.00,100.00,11.20
22104,1.94,3824,0.00,0.00,11.43,17.00,77,31,9.29,3.48,100.00,100.00,10.80
22157,1.96,3856,0.00,0.00,11.37,17.00,77,31,9.29,3.48,100.00,100.00,10.80
22210,1.98,3888,0.00,0.00,11.41,17.00,77,30,9.58,3.50,100.00,100.00,10.80
22262,1.98,3924,0.00,0.00,11.44,17.00,77,30,9.72,3.50,100.00,100.00,10.80
22314,2.01,3928,0.00,0.00,11.29,16.50,77,30,9.87,3.50,100.00,100.00,10.80
22368,2.04,3928,0.00,0.00,11.27,16.50,77,30,10.16,3.54,100.00,100.00,10.80
22420,2.06,3949,0.00,0.00,11.36,16.50,77,30,10.16,3.54,100.00,100.00,10.80
22474,2.09,3994,0.00,0.00,11.23,16.50,77,29,10.30,3.54,100.00,100.00,10.80
22526,2.12,4008,0.00,0.00,11.15,16.50,77,29,10.45,3.58,100.00,100.00,10.80
22579,2.15,4034,0.00,0.00,11.23,16.00,77,29,10.74,3.60,100.00,100.00,10.40
22631,2.15,4034,0.00,0.00,11.31,16.00,77,29,10.88,3.62,100.00,100.00,10.40
22684,2.17,4076,0.00,0.00,11.23,15.50,77,29,10.88,3.64,100.00,100.00,10.40
22737,2.19,4102,0.00,0.00,11.23,15.50,77,29,11.17,3.64,100.00,100.00,10.30
22790,2.21,4128,0.00,0.00,11.28,15.50,77,28,11.46,3.64,100.00,100.00,10.30
22842,2.25,4152,0.00,0.00,11.08,15.50,75,28,11.61,3.70,100.00,100.00,10.30
22894,2.26,4152,0.00,0.00,11.26,15.50,75,28,11.90,3.72,100.00,100.00,10.30
22947,2.28,4164,0.00,0.00,11.19,15.50,75,28,11.90,3.68,100.00,100.00,10.30
22999,2.28,4211,0.00,0.00,11.18,15.50,75,28,12.04,3.68,100.00,100.00,10.30
23052,2.28,4232,0.00,0.00,11.23,15.50,75,27,12.19,3.72,100.00,100.00,10.20
23105,2.29,4261,0.00,0.00,11.22,15.50,75,27,12.48,3.72,100.00,100.00,10.20
23156,2.30,4261,0.00,0.00,11.15,15.50,75,27,12.62,3.76,100.00,100.00,10.20
23208,2.30,4305,0.00,0.00,11.20,15.50,75,27,12.62,3.76,100.00,100.00,10.50
23261,2.31,4305,0.00,0.00,11.20,15.50,75,27,12.77,3.76,100.00,100.00,10.50
23314,2.31,4352,0.00,0.00,11.19,15.50,75,26,12.91,3.78,100.00,100.00,10.50
23366,2.31,4398,0.00,0.00,11.17,15.50,75,26,13.20,3.82,100.00,100.00,10.60
23419,2.31,4398,0.00,0.00,11.17,15.50,75,26,13.35,3.84,100.00,100.00,10.60
23472,2.33,4398,0.00,0.00,11.12,15.50,75,26,13.35,3.82,100.00,100.00,10.60
23524,2.32,4422,0.00,0.00,11.17,15.50,75,25,13.35,3.82,100.00,100.00,10.70
23576,2.33,4470,0.00,0.00,11.11,15.50,75,25,13.49,3.84,100.00,100.00,10.70
23629,2.31,4472,0.00,0.00,11.23,15.50,75,25,13.49,3.82,100.00,100.00,10.70
23681,2.30,4472,0.00,0.00,11.18,16.00,75,25,13.49,3.84,100.00,100.00,10.80
23734,2.31,4534,0.00,0.00,11.10,16.00,75,25,13.49,3.84,100.00,100.00,10.80
23786,2.29,4545,0.00,0.00,11.27,16.00,75,25,13.35,3.84,100.00,100.00,10.80
23840,2.30,4587,0.00,0.00,11.14,16.50,75,24,13.35,3.86,100.00,100.00,10.80
23892,2.31,4607,0.00,0.00,11.09,16.50,75,24,13.35,3.88,100.00,100.00,10.80
23944,2.31,4607,0.00,0.00,11.19,16.50,75,24,13.35,3.88,100.00,100.00,10.80
23996,2.31,4638,0.00,0.00,11.15,16.50,75,24,13.35,3.84,100.00,100.00,10.80
24049,2.29,4676,0.00,0.00,11.20,16.50,75,24,13.35,3.84,100.00,100.00,10.80
24101,2.30,4714,0.00,0.00,11.13,16.50,75,24,13.35,3.88,100.00,100.00,10.80
24154,2.30,4741,0.00,0.00,11.19,16.50,75,23,13.20,3.92,100.00,100.00,10.80
24208,2.30,4741,0.00,0.00,11.19,16.50,75,23,13.20,3.92,100.00,100.00,10.80
24259,2.29,4777,0.00,0.00,11.25,16.50,75,23,13.35,3.92,100.00,100.00,10.80
24312,2.29,4814,0.00,0.00,11.20,16.50,75,23,13.35,3.94,100.00,100.00,10.70
24365,2.30,4820,0.00,0.00,11.20,16.50,75,23,13.20,3.90,100.00,100.00,10.70
24418,2.29,4820,0.00,0.00,11.26,16.50,75,23,13.20,3.94,100.00,100.00,10.70
24470,2.30,4864,0.00,0.00,11.14,16.50,75,23,13.20,3.94,100.00,100.00,10.80
24523,2.31,4921,0.00,0.00,11.18,16.50,75,22,13.20,3.96,100.00,100.00,10.80
24575,2.31,4947,0.00,0.00,11.13,16.50,75,22,13.35,3.96,100.00,100.00,10.80
24628,2.30,4947,0.00,0.00,11.17,16.50,75,21,13.20,3.94,100.00,100.00,10.80
24681,2.30,4963,0.00,0.00,11.17,16.50,75,21,13.20,3.94,100.00,100.00,10.80
24733,2.32,4986,0.00,0.00,11.10,16.50,75,21,13.20,3.98,100.00,100.00,10.80
24786,2.32,5033,0.00,0.00,11.15,16.50,75,20,13.20,4.00,100.00,100.00,10.60
24839,2.31,5033,0.00,0.00,11.15,16.50,73,19,13.20,4.00,100.00,100.00,10.60
24891,2.32,5088,0.00,0.00,11.14,16.50,73,19,13.20,4.00,100.00,100.00,10.60
24944,2.31,5092,0.00,0.00,11.15,16.50,73,19,13.20,3.98,100.00,100.00,10.80
24996,2.31,5140,0.00,0.00,11.13,16.50,73,18,13.06,4.02,100.00,100.00,10.80
25047,2.31,5140,0.00,0.00,11.08,16.50,73,18,13.06,4.02,100.00,100.00,10.80
25101,2.31,5151,0.00,0.00,11.13,16.50,73,18,13.06,4.02,100.00,100.00,10.80
25153,2.33,5212,0.00,0.00,11.12,16.50,73,17,13.06,4.02,100.00,100.00,10.80
25206,2.33,5212,0.00,0.00,11.11,16.50,73,16,13.06,4.04,100.00,100.00,10.80
25258,2.33,5212,0.00,0.00,11.11,16.50,73,16,13.06,4.04,100.00,100.00,10.70
25311,2.33,5270,0.00,0.00,11.11,16.50,73,16,13.06,4.04,100.00,100.00,10.70
25363,2.34,5270,0.00,0.00,11.10,17.00,73,15,13.06,4.06,100.00,100.00,10.70
25416,2.32,5296,0.00,0.00,11.17,17.00,73,15,13.06,4.06,100.00,100.00,10.70
25468,2.32,5326,0.00,0.00,11.17,17.00,73,15,13.06,4.06,100.00,100.00,10.70
25521,2.32,5392,0.00,0.00,11.12,17.00,73,14,13.06,4.06,100.00,100.00,10.80
25574,2.32,5392,0.00,0.00,11.12,17.00,73,14,13.06,4.06,100.00,100.00,10.80
25626,2.32,5411,0.00,0.00,11.12,17.00,73,14,13.06,4.06,100.00,100.00,10.80
25678,2.33,5411,0.00,0.00,11.12,17.00,73,14,13.06,4.10,100.00,100.00,10.70
25731,2.33,5462,0.00,0.00,11.11,17.00,73,14,13.06,4.10,100.00,100.00,10.70
25784,2.31,5478,0.00,0.00,11.33,17.50,73,13,12.91,4.08,100.00,83.14,10.70
25837,2.19,5478,0.00,0.00,12.37,17.50,73,13,12.91,4.08,100.00,25.88,10.80
25890,1.24,5622,0.00,0.00,16.87,20.00,73,12,6.96,3.68,0.00,0.00,10.80
25943,0.70,5622,0.00,0.00,16.72,16.00,73,12,6.96,3.18,0.00,0.00,10.80
25996,0.67,5778,0.00,0.00,14.07,16.00,73,11,-6.38,3.18,0.00,0.00,13.70
26049,0.67,5630,0.00,0.00,12.94,16.00,73,6,-7.69,2.76,0.00,0.00,13.70
26102,0.58,5630,0.00,0.00,12.97,16.00,73,6,-7.69,2.76,0.00,0.00,13.70
26154,0.48,5506,0.00,0.00,15.75,16.00,73,3,-8.71,2.32,0.00,0.00,12.90
26206,0.51,5506,0.00,0.00,14.66,16.00,73,3,-8.71,2.32,0.00,0.00,12.90
26258,0.54,5334,0.00,0.00,12.11,16.00,73,2,-8.85,2.66,0.00,0.00,12.90
26311,0.43,5212,0.00,0.00,15.75,28.00,73,1,-9.00,2.76,0.00,0.78,15.30
26363,0.38,5212,0.00,0.00,16.48,28.00,73,1,-9.00,2.76,0.00,5.49,15.30
26417,0.41,5112,0.00,0.00,15.24,19.00,73,2,-8.71,2.54,0.00,14.12,15.30
26468,0.59,5102,0.00,0.00,11.55,31.50,73,2,-5.66,2.76,0.00,19.61,18.50
26521,0.74,5102,0.00,0.00,12.53,29.50,73,2,-5.66,2.94,1.96,20.78,18.50
26574,0.85,4905,0.00,0.00,12.59,29.50,73,2,-2.76,2.94,3.53,23.92,18.50
26627,0.94,4741,0.00,0.00,12.43,33.00,73,2,-1.31,3.04,12.94,28.63,18.50
26680,1.08,4518,0.00,0.00,12.32,30.00,73,2,0.73,3.16,12.94,33.73,18.50
26732,1.20,4518,0.00,0.00,12.25,28.50,73,2,2.03,3.20,17.25,37.65,18.50
26785,1.27,4414,0.00,0.00,12.20,28.50,73,2,2.03,3.20,20.00,41.57,17.30
26837,1.35,4310,0.00,0.00,12.10,26.50,73,1,3.05,3.24,23.14,46.67,17.30
26890,1.38,4244,0.00,0.00,12.18,26.00,73,2,3.92,3.24,27.45,50.98,17.30
26942,1.41,4190,0.00,0.00,12.22,25.00,73,3,4.50,3.24,27.45,52.94,12.90
26996,1.44,4190,0.00,0.00,12.09,24.00,73,4,4.79,3.26,30.20,54.51,12.90
27048,1.47,4100,0.00,0.00,12.16,24.00,73,4,4.79,3.26,32.16,55.29,12.90
27100,1.50,3930,0.00,0.00,12.14,23.50,73,7,5.22,3.24,33.33,56.47,11.70
27153,1.48,3983,0.00,0.00,12.33,23.00,75,8,5.51,3.22,34.51,60.00,11.70
27206,1.51,3985,0.00,0.00,12.09,23.00,75,7,5.80,3.28,34.51,61.96,11.70
27258,1.53,3985,0.00,0.00,12.12,22.50,75,6,6.09,3.24,37.65,62.35,11.70
27311,1.53,3983,0.00,0.00,12.17,22.50,75,6,6.09,3.30,38.82,63.53,11.70
27364,1.57,4052,0.00,0.00,12.01,22.50,75,9,6.24,3.30,39.61,63.92,11.70
27416,1.58,3956,0.00,0.00,12.14,22.00,75,8,6.67,3.28,40.39,63.92,11.30
27469,1.59,4069,0.00,0.00,12.10,22.00,75,7,6.82,3.32,40.39,64.31,11.30
27522,1.60,4069,0.00,0.00,12.06,21.50,75,6,7.11,3.30,40.00,60.00,11.30
27575,1.60,3983,0.00,0.00,12.09,21.50,75,6,7.11,3.30,40.00,32.94,11.30
27626,1.47,4078,0.00,0.00,12.92,22.00,75,7,6.53,3.26,10.98,1.57,11.30
27679,0.97,3972,0.00,0.00,16.70,27.50,75,8,-0.15,2.44,0.00,0.00,11.30
27732,0.87,3860,0.00,0.00,14.23,30.00,75,8,-3.77,2.50,0.00,0.00,10.70
27785,0.76,3860,0.00,0.00,12.60,33.50,75,8,-5.22,2.50,0.00,0.00,10.70
27837,0.67,3854,0.00,0.00,16.00,28.50,75,8,-5.22,2.46,0.00,0.00,10.70
27890,0.54,3970,0.00,0.00,16.13,28.50,75,5,-6.24,2.46,0.00,0.00,11.40
27941,0.54,4023,0.00,0.00,14.52,27.00,75,4,-6.96,2.38,0.00,0.00,11.40
27994,0.55,3976,0.00,0.00,12.81,24.00,75,2,-7.55,2.34,0.00,0.00,11.40
28047,0.53,3976,0.00,0.00,12.56,21.00,75,2,-7.84,2.26,0.00,0.00,11.10
28100,0.47,3894,0.00,0.00,15.57,18.50,75,2,-7.84,2.20,0.00,0.00,11.10
28152,0.41,3803,0.00,0.00,16.83,18.50,75,1,-7.98,2.20,0.00,0.00,11.10
28205,0.41,3711,0.00,0.00,15.54,16.00,75,1,-8.13,2.16,0.00,0.00,17.40
28258,0.41,3616,0.00,0.00,15.29,16.00,75,1,-8.27,2.08,0.00,0.00,17.40
28309,0.42,3616,0.00,0.00,13.83,16.00,75,1,-8.42,1.88,0.00,0.00,17.40
28362,0.42,3539,0.00,0.00,12.67,16.00,75,1,-8.42,1.78,0.00,0.00,18.50
28416,0.40,3445,0.00,0.00,13.11,16.00,75,1,-8.42,1.78,0.00,0.00,18.50
28468,0.38,3348,0.00,0.00,15.02,16.00,75,1,-8.42,1.86,0.00,0.00,18.50
28520,0.36,3286,0.00,0.00,15.54,16.00,75,1,-8.56,2.06,0.00,0.00,18.50
28572,0.33,3286,0.00,0.00,15.84,16.00,75,1,-8.56,2.18,0.00,0.00,18.50
28625,0.32,3186,0.00,0.00,15.77,16.00,75,1,-8.56,2.16,0.00,0.00,18.50
28678,0.33,3120,0.00,0.00,14.70,16.00,75,1,-8.56,2.16,0.00,0.00,18.50
28730,0.34,3023,0.00,0.00,12.82,16.00,75,1,-8.71,2.02,0.00,0.00,18.50
28783,0.33,2947,0.00,0.00,13.12,16.00,75,1,-8.85,1.92,0.00,0.00,18.50
28835,0.33,2947,0.00,0.00,12.98,16.00,75,1,-9.00,1.78,0.00,0.00,18.50
28888,0.32,2876,0.00,0.00,13.27,16.00,75,1,-9.00,1.60,0.00,0.00,18.50
28940,0.31,2797,0.00,0.00,13.85,16.00,75,1,-9.14,1.60,0.00,0.00,18.50
28993,0.30,2720,0.00,0.00,15.51,16.00,75,1,-9.29,1.70,0.00,0.00,18.50
29045,0.29,2639,0.00,0.00,15.60,16.00,75,1,-9.43,1.90,0.00,0.00,18.50
29098,0.29,2557,0.00,0.00,15.29,16.00,75,1,-9.43,1.96,0.00,0.00,18.50
29150,0.28,2557,0.00,0.00,15.66,16.00,75,1,-9.43,1.80,0.00,0.00,18.50
29203,0.28,2477,0.00,0.00,14.98,16.00,75,1,-9.58,1.80,0.00,0.00,18.50
29256,0.28,2417,0.00,0.00,14.70,16.00,75,1,-9.58,1.68,0.00,0.00,18.50
